question_id,question,difficulty,gold_sql,hop_naive,hop_breadth,hop_diameter,has_subquery,subquery_types,nesting_depth,needs_manual_review,review_reason,parse_error
89,How many accounts who choose issuance after transaction are staying in East Bohemia region?,moderate,SELECT COUNT(T2.account_id) FROM district AS T1 INNER JOIN account AS T2 ON T1.district_id = T2.district_id WHERE T1.A3 = 'east Bohemia' AND T2.frequency = 'POPLATEK PO OBRATU',1,1,1,False,none,0,False,,
90,How many accounts who have region in Prague are eligible for loans?,simple,SELECT COUNT(T1.account_id) FROM account AS T1 INNER JOIN loan AS T2 ON T1.account_id = T2.account_id INNER JOIN district AS T3 ON T1.district_id = T3.district_id WHERE T3.A3 = 'Prague',2,2,2,False,none,0,False,,
91,"The average unemployment ratio of 1995 and 1996, which one has higher percentage?",simple,"SELECT DISTINCT IIF(AVG(A13) > AVG(A12), '1996', '1995') FROM district",0,0,0,False,none,0,False,,
92,List out the no. of districts that have female average salary is more than 6000 but less than 10000?,simple,SELECT COUNT(DISTINCT T2.district_id)  FROM client AS T1 INNER JOIN district AS T2 ON T1.district_id = T2.district_id WHERE T1.gender = 'F' AND T2.A11 BETWEEN 6000 AND 10000,1,1,1,False,none,0,False,,
93,How many male customers who are living in North Bohemia have average salary greater than 8000?,moderate,SELECT COUNT(T1.client_id) FROM client AS T1 INNER JOIN district AS T2 ON T1.district_id = T2.district_id WHERE T1.gender = 'M' AND T2.A3 = 'north Bohemia' AND T2.A11 > 8000,1,1,1,False,none,0,False,,
94,"List out the account numbers of female clients who are oldest and has lowest average salary, calculate the gap between this lowest average salary with the highest average salary?",challenging,"SELECT T1.account_id , ( SELECT MAX(A11) - MIN(A11) FROM district ) FROM account AS T1 INNER JOIN district AS T2 ON T1.district_id = T2.district_id INNER JOIN disp AS T3 ON T1.account_id = T3.account_id INNER JOIN client AS T4 ON T3.client_id = T4.client_id WHERE T2.district_id = ( SELECT district_id FROM client WHERE gender = 'F' ORDER BY birth_date ASC LIMIT 1 ) ORDER BY T2.A11 DESC LIMIT 1",3,3,3,True,scalar,1,False,,
95,List out the account numbers of clients who are youngest and have highest average salary?,moderate,"SELECT T1.account_id  FROM account AS T1 INNER JOIN disp AS T2 ON T1.account_id = T2.account_id INNER JOIN client AS T3 ON T2.client_id = T3.client_id INNER JOIN district AS T4 on T4.district_id = T1.district_id WHERE T2.client_id = ( SELECT client_id FROM client ORDER BY birth_date DESC LIMIT 1) GROUP BY T4.A11, T1.account_id",3,3,3,True,scalar,1,False,,
96,How many customers who choose statement of weekly issuance are Owner?,simple,SELECT COUNT(T1.account_id) FROM account AS T1 INNER JOIN disp AS T2 ON T1.account_id = T2.account_id WHERE T2.type = 'OWNER' AND T1.frequency = 'POPLATEK TYDNE',1,1,1,False,none,0,False,,
97,List out the id number of client who choose statement of issuance after transaction are Disponent?,simple,SELECT T2.client_id FROM account AS T1 INNER JOIN disp AS T2 ON T1.account_id = T2.account_id WHERE T1.frequency = 'POPLATEK PO OBRATU' AND T2.type = 'DISPONENT',1,1,1,False,none,0,False,,
98,"Among the accounts who have approved loan date in 1997, list out the accounts that have the lowest approved amount and choose weekly issuance statement.",moderate,"SELECT T2.account_id FROM loan AS T1 INNER JOIN account AS T2 ON T1.account_id = T2.account_id WHERE STRFTIME('%Y', T1.date) = '1997' AND T2.frequency = 'POPLATEK TYDNE' ORDER BY T1.amount LIMIT 1",1,1,1,False,none,0,False,,
99,"Among the accounts who have loan validity more than 12 months, list out the accounts that have the highest approved amount and have account opening date in 1993.",moderate,"SELECT T1.account_id FROM loan AS T1 INNER JOIN account AS T2 ON T1.account_id = T2.account_id WHERE STRFTIME('%Y', T2.date) = '1993' AND T1.duration > 12 ORDER BY T1.amount DESC LIMIT 1",1,1,1,False,none,0,False,,
100,"Among the account opened, how many female customers who were born before 1950 and stayed in Sokolov?",moderate,"SELECT COUNT(T2.client_id) FROM district AS T1 INNER JOIN client AS T2 ON T1.district_id = T2.district_id WHERE T2.gender = 'F' AND STRFTIME('%Y', T2.birth_date) < '1950' AND T1.A2 = 'Sokolov'",1,1,1,False,none,0,False,,
101,List out the accounts who have the earliest trading date in 1995 ?,simple,"SELECT account_id FROM trans WHERE STRFTIME('%Y', date) = '1995' ORDER BY date ASC LIMIT 1",0,0,0,False,none,0,False,,
102,State different accounts who have account opening date before 1997 and own an amount of money greater than 3000USD,simple,"SELECT DISTINCT T2.account_id FROM trans AS T1 INNER JOIN account AS T2 ON T1.account_id = T2.account_id WHERE STRFTIME('%Y', T2.date) < '1997' AND T1.amount > 3000",1,1,1,False,none,0,False,,
103,"Which client issued his/her card in 1994/3/3, give his/her client id.",simple,SELECT T2.client_id FROM client AS T1 INNER JOIN disp AS T2 ON T1.client_id = T2.client_id INNER JOIN card AS T3 ON T2.disp_id = T3.disp_id WHERE T3.issued = '1994-03-03',2,2,2,False,none,0,False,,
104,"The transaction of 840 USD happened in 1998/10/14, when was this account opened?",simple,SELECT T1.date FROM account AS T1 INNER JOIN trans AS T2 ON T1.account_id = T2.account_id WHERE T2.amount = 840 AND T2.date = '1998-10-14',1,1,1,False,none,0,False,,
105,"There was a loan approved in 1994/8/25, where was that account opened, give the district Id of the branch.",simple,SELECT T1.district_id FROM account AS T1 INNER JOIN loan AS T2 ON T1.account_id = T2.account_id WHERE T2.date = '1994-08-25',1,1,1,False,none,0,False,,
106,What is the biggest amount of transaction that the client whose card was opened in 1996/10/21 made?,simple,SELECT T4.amount FROM card AS T1 JOIN disp AS T2 ON T1.disp_id = T2.disp_id JOIN account AS T3 on T2.account_id = T3.account_id JOIN trans AS T4 on T3.account_id = T4.account_id WHERE T1.issued = '1996-10-21' ORDER BY T4.amount DESC LIMIT 1,3,3,3,False,none,0,False,,
107,What is the gender of the oldest client who opened his/her account in the highest average salary branch?,simple,"SELECT T2.gender FROM district AS T1 INNER JOIN client AS T2 ON T1.district_id = T2.district_id ORDER BY T1.A11 DESC, T2.birth_date ASC LIMIT 1",1,1,1,False,none,0,False,,
108,"For the client who applied the biggest loan, what was his/her first amount of transaction after opened the account?",simple,"SELECT T3.amount FROM loan AS T1 INNER JOIN account AS T2 ON T1.account_id = T2.account_id INNER JOIN trans AS T3 ON T2.account_id = T3.account_id ORDER BY T1.amount DESC, T3.date ASC LIMIT 1",2,2,2,False,none,0,False,,
109,How many clients opened their accounts in Jesenik branch were women?,simple,SELECT COUNT(T1.client_id) FROM client AS T1 INNER JOIN district AS T2 ON T1.district_id = T2.district_id WHERE T1.gender = 'F' AND T2.A2 = 'Jesenik',1,1,1,False,none,0,False,,
110,What is the disposition id of the client who made 5100 USD transaction in 1998/9/2?,simple,SELECT T1.disp_id FROM disp AS T1 INNER JOIN account AS T2 ON T1.account_id = T2.account_id INNER JOIN trans AS T3 ON T2.account_id = T3.account_id WHERE T3.date='1997-08-20' AND T3.amount = 5100,2,2,2,False,none,0,False,,
111,How many accounts were opened in Litomerice in 1996?,simple,"SELECT COUNT(T2.account_id) FROM district AS T1 INNER JOIN account AS T2 ON T1.district_id = T2.district_id WHERE STRFTIME('%Y', T2.date) = '1996' AND T1.A2 = 'Litomerice'",1,1,1,False,none,0,False,,
112,"For the female client who was born in 1976/1/29, which district did she opened her account?",simple,SELECT T1.A2 FROM district AS T1 INNER JOIN client AS T2 ON T1.district_id = T2.district_id WHERE T2.birth_date = '1976-01-29' AND T2.gender = 'F',1,1,1,False,none,0,False,,
113,"For the client who applied 98832 USD loan in 1996/1/3, when was his/her birthday?",simple,SELECT T4.birth_date FROM loan AS T1 INNER JOIN account AS T2 ON T1.account_id = T2.account_id INNER JOIN disp AS T3 ON T2.account_id = T3.account_id INNER JOIN client AS T4 ON T3.client_id = T4.client_id WHERE T1.date = '1996-01-03' AND T1.amount = 98832,3,3,3,False,none,0,False,,
114,"For the first client who opened his/her account in Prague, what is his/her account ID?",simple,SELECT T1.account_id FROM account AS T1 INNER JOIN district AS T2 ON T1.district_id = T2.district_id WHERE T2.A3 = 'Prague' ORDER BY T1.date ASC LIMIT 1,1,1,1,False,none,0,False,,
115,"For the branch which located in the south Bohemia with biggest number of inhabitants, what is the percentage of the male clients?",challenging,SELECT CAST(SUM(T1.gender = 'M') AS REAL) * 100 / COUNT(T1.client_id) FROM client AS T1 INNER JOIN district AS T2 ON T1.district_id = T2.district_id WHERE T2.A3 = 'south Bohemia' GROUP BY T2.A4 ORDER BY T2.A4 DESC LIMIT 1,1,1,1,False,none,0,False,,
116,"For the client whose loan was approved first in 1993/7/5, what is the increase rate of his/her account balance from 1993/3/22 to 1998/12/27?",challenging,"SELECT CAST((SUM(IIF(T3.date = '1998-12-27', T3.balance, 0)) - SUM(IIF(T3.date = '1993-03-22', T3.balance, 0))) AS REAL) * 100 / SUM(IIF(T3.date = '1993-03-22', T3.balance, 0)) FROM loan AS T1 INNER JOIN account AS T2 ON T1.account_id = T2.account_id INNER JOIN trans AS T3 ON T3.account_id = T2.account_id WHERE T1.date = '1993-07-05'",2,2,2,False,none,0,False,,
117,What is the percentage of loan amount that has been fully paid with no issue.,moderate,SELECT (CAST(SUM(CASE WHEN status = 'A' THEN amount ELSE 0 END) AS REAL) * 100) / SUM(amount) FROM loan,0,0,0,False,none,0,False,,
118,"For loan amount less than USD100,000, what is the percentage of accounts that is still running with no issue.",moderate,SELECT CAST(SUM(status = 'C') AS REAL) * 100 / COUNT(account_id) FROM loan WHERE amount < 100000,0,0,0,False,none,0,False,,
119,"For accounts in 1993 with statement issued after transaction, list the account ID, district name and district region.",moderate,"SELECT T1.account_id, T2.A2, T2.A3 FROM account AS T1 INNER JOIN district AS T2 ON T1.district_id = T2.district_id WHERE T1.frequency = 'POPLATEK PO OBRATU' AND STRFTIME('%Y', T1.date)= '1993'",1,1,1,False,none,0,False,,
120,"From Year 1995 to 2000, who are the accounts holders from 'east Bohemia'. State the account ID the frequency of statement issuance.",moderate,"SELECT T1.account_id, T1.frequency FROM account AS T1 INNER JOIN district AS T2 ON T1.district_id = T2.district_id WHERE T2.A3 = 'east Bohemia' AND STRFTIME('%Y', T1.date) BETWEEN '1995' AND '2000'",1,1,1,False,none,0,False,,
121,List account ID and account opening date for accounts from 'Prachatice'.,simple,"SELECT T1.account_id, T1.date FROM account AS T1 INNER JOIN district AS T2 ON T1.district_id = T2.district_id WHERE T2.A2 = 'Prachatice'",1,1,1,False,none,0,False,,
122,State the district and region for loan ID '4990'.,simple,"SELECT T2.A2, T2.A3 FROM account AS T1 INNER JOIN district AS T2 ON T1.district_id = T2.district_id INNER JOIN loan AS T3 ON T1.account_id = T3.account_id WHERE T3.loan_id = 4990",2,2,2,False,none,0,False,,
123,"Provide the account ID, district and region for loan amount greater than USD300,000.",simple,"SELECT T1.account_id, T2.A2, T2.A3 FROM account AS T1 INNER JOIN district AS T2 ON T1.district_id = T2.district_id INNER JOIN loan AS T3 ON T1.account_id = T3.account_id WHERE T3.amount > 300000",2,2,2,False,none,0,False,,
124,"List the loan ID, district and average salary for loan with duration of 60 months.",simple,"SELECT T3.loan_id, T2.A2, T2.A11 FROM account AS T1 INNER JOIN district AS T2 ON T1.district_id = T2.district_id INNER JOIN loan AS T3 ON T1.account_id = T3.account_id WHERE T3.duration = 60",2,2,2,False,none,0,False,,
125,"For loans contracts which are still running where client are in debt, list the district of the and the state the percentage unemployment rate increment from year 1995 to 1996.",challenging,SELECT CAST((T3.A13 - T3.A12) AS REAL) * 100 / T3.A12 FROM loan AS T1 INNER JOIN account AS T2 ON T1.account_id = T2.account_id INNER JOIN district AS T3 ON T2.district_id = T3.district_id WHERE T1.status = 'D',2,2,2,False,none,0,False,,
126,Calculate the percentage of account from 'Decin' district for all accounts are opened in 1993.,simple,"SELECT CAST(SUM(T1.A2 = 'Decin') AS REAL) * 100 / COUNT(account_id) FROM district AS T1 INNER JOIN account AS T2 ON T1.district_id = T2.district_id WHERE STRFTIME('%Y', T2.date) = '1993'",1,1,1,False,none,0,False,,
127,List the account IDs with monthly issuance of statements.,simple,SELECT account_id FROM account WHERE Frequency = 'POPLATEK MESICNE',0,0,0,False,none,0,False,,
128,"List the top nine districts, by descending order, from the highest to the lowest, the number of female account holders.",moderate,"SELECT T2.A2, COUNT(T1.client_id) FROM client AS T1 INNER JOIN district AS T2 ON T1.district_id = T2.district_id WHERE T1.gender = 'F' GROUP BY T2.district_id, T2.A2 ORDER BY COUNT(T1.client_id) DESC LIMIT 9",1,1,1,False,none,0,False,,
129,Which are the top ten withdrawals (non-credit card) by district names for the month of January 1996?,moderate,SELECT DISTINCT T1.A2 FROM district AS T1 INNER JOIN account AS T2 ON T1.district_id = T2.district_id INNER JOIN trans AS T3 ON T2.account_id = T3.account_id WHERE T3.type = 'VYDAJ' AND T3.date LIKE '1996-01%' ORDER BY A2 ASC LIMIT 10,2,2,2,False,none,0,False,,
130,How many of the account holders in South Bohemia still do not own credit cards?,moderate,SELECT COUNT(T3.account_id) FROM district AS T1 INNER JOIN client AS T2 ON T1.district_id = T2.district_id INNER JOIN disp AS T3 ON T2.client_id = T3.client_id WHERE T1.A3 = 'south Bohemia' AND T3.type != 'OWNER',2,2,2,False,none,0,False,,
131,Which district has highest active loan?,moderate,"SELECT T2.A3 FROM account AS T1 INNER JOIN district AS T2 ON T1.district_id = T2.district_id INNER JOIN loan AS T3 ON T1.account_id = T3.account_id WHERE T3.status IN ('C', 'D') GROUP BY T2.A3 ORDER BY SUM(T3.amount) DESC LIMIT 1",2,2,2,False,none,0,False,,
132,What is the average loan amount by male borrowers?,simple,SELECT AVG(T4.amount) FROM client AS T1 INNER JOIN disp AS T2 ON T1.client_id = T2.client_id INNER JOIN account AS T3 ON T2.account_id = T3.account_id INNER JOIN loan AS T4 ON T3.account_id = T4.account_id WHERE T1.gender = 'M',3,3,3,False,none,0,False,,
133,"In 1996, which districts have the highest unemployment rate? List their branch location and district name.",simple,"SELECT district_id, A2 FROM district ORDER BY A13 DESC LIMIT 1",0,0,0,False,none,0,False,,
134,"In the branch where the largest number of crimes were committed in 1996, how many accounts were opened?",simple,SELECT COUNT(T2.account_id) FROM district AS T1 INNER JOIN account AS T2 ON T1.district_id = T2.district_id GROUP BY T1.A16 ORDER BY T1.A16 DESC LIMIT 1,1,1,1,False,none,0,False,,
135,"After making a credit card withdrawal, how many account/s with monthly issuance has a negative balance?",moderate,SELECT COUNT(T1.account_id) FROM trans AS T1 INNER JOIN account AS T2 ON T1.account_id = T2.account_id WHERE T1.balance < 0 AND T1.operation = 'VYBER KARTOU' AND T2.frequency = 'POPLATEK MESICNE',1,1,1,False,none,0,False,,
136,"Between 1/1/1995 and 12/31/1997, how many loans in the amount of at least 250,000 per account that chose monthly statement issuance were approved?",moderate,SELECT COUNT(T1.account_id) FROM account AS T1 INNER JOIN loan AS T2 ON T1.account_id = T2.account_id WHERE T2.date BETWEEN '1995-01-01' AND '1997-12-31' AND T1.frequency = 'POPLATEK MESICNE' AND T2.amount >= 250000,1,1,1,False,none,0,False,,
137,How many accounts have running contracts in Branch location 1?,moderate,SELECT COUNT(T1.account_id) FROM account AS T1 INNER JOIN district AS T2 ON T1.district_id = T2.district_id INNER JOIN loan AS T3 ON T1.account_id = T3.account_id WHERE T1.district_id = 1 AND (T3.status = 'C' OR T3.status = 'D'),2,2,2,False,none,0,False,,
138,"In the branch where the second-highest number of crimes were committed in 1995 occurred, how many male clients are there?",moderate,"SELECT COUNT(T1.client_id) FROM client AS T1 INNER JOIN district AS T2 ON T1.district_id = T2.district_id WHERE T1.gender = 'M' AND T2.A15 = (SELECT T3.A15 FROM district AS T3 ORDER BY T3.A15 DESC LIMIT 1, 1)",1,1,1,True,scalar,1,False,,
139,"How many high-level credit cards have ""OWNER"" type of disposition?",simple,SELECT COUNT(T1.card_id) FROM card AS T1 INNER JOIN disp AS T2 ON T1.disp_id = T2.disp_id WHERE T1.type = 'gold' AND T2.type = 'OWNER',1,1,1,False,none,0,False,,
140,"How many accounts are there in the district of ""Pisek""?",simple,SELECT COUNT(T1.account_id) FROM account AS T1 INNER JOIN district AS T2 ON T1.district_id = T2.district_id WHERE T2.A2 = 'Pisek',1,1,1,False,none,0,False,,
141,"Which districts have transactions greater than USS$10,000 in 1997?",simple,"SELECT T1.district_id FROM account AS T1 INNER JOIN district AS T2 ON T1.district_id = T2.district_id INNER JOIN trans AS T3 ON T1.account_id = T3.account_id WHERE STRFTIME('%Y', T3.date) = '1997' GROUP BY T1.district_id HAVING SUM(T3.amount) > 10000",2,2,2,False,none,0,False,,
142,Which accounts placed orders for household payment in Pisek?,simple,SELECT DISTINCT T2.account_id FROM trans AS T1 INNER JOIN account AS T2 ON T1.account_id = T2.account_id INNER JOIN district AS T3 ON T2.district_id = T3.district_id WHERE T1.k_symbol = 'SIPO' AND T3.A2 = 'Pisek',2,2,2,False,none,0,False,,
143,What are the accounts that have gold credit cards?,simple,SELECT T2.account_id FROM disp AS T2  INNER JOIN card AS T1 ON T1.disp_id = T2.disp_id  WHERE T1.type = 'gold',1,1,1,False,none,0,False,,
144,"How much is the average amount in credit card made by account holders in a month, in year 2021?",moderate,"SELECT AVG(T4.amount) FROM card AS T1 INNER JOIN disp AS T2 ON T1.disp_id = T2.disp_id INNER JOIN account AS T3 ON T2.account_id = T3.account_id INNER JOIN trans AS T4 ON T3.account_id = T4.account_id WHERE STRFTIME('%Y', T4.date) = '1998' AND T4.operation = 'VYBER KARTOU'",3,3,3,False,none,0,False,,
145,"Who are the account holder identification numbers whose who have transactions on the credit card with the amount is less than the average, in 1998?",moderate,"SELECT T1.account_id FROM trans AS T1 INNER JOIN account AS T2 ON T1.account_id = T2.account_id WHERE STRFTIME('%Y', T1.date) = '1998' AND T1.operation = 'VYBER KARTOU' AND T1.amount < (SELECT AVG(amount) FROM trans WHERE STRFTIME('%Y', date) = '1998')",1,1,1,True,scalar,1,False,,
146,Who are the female account holders who own credit cards and also have loans?,simple,SELECT T1.client_id FROM client AS T1 INNER JOIN disp AS T2 ON T1.client_id = T2.client_id INNER JOIN account AS T5 ON T2.account_id = T5.account_id INNER JOIN loan AS T3 ON T5.account_id = T3.account_id INNER JOIN card AS T4 ON T2.disp_id = T4.disp_id WHERE T1.gender = 'F',4,4,3,False,none,0,False,,
147,How many female clients' accounts are in the region of South Bohemia?,simple,SELECT COUNT(T1.client_id) FROM client AS T1 INNER JOIN district AS T2 ON T1.district_id = T2.district_id WHERE T1.gender = 'F' AND T2.A3 = 'south Bohemia',1,1,1,False,none,0,False,,
148,Please list the accounts whose district is Tabor that are eligible for loans.,moderate,SELECT T2.account_id FROM district AS T1 INNER JOIN account AS T2 ON T1.district_id = T2.district_id INNER JOIN disp AS T3 ON T2.account_id = T3.account_id WHERE T3.type = 'OWNER' AND T1.A2 = 'Tabor',2,2,2,False,none,0,False,,
149,"Please list the account types that are not eligible for loans, and the average income of residents in the district where the account is located exceeds $8000 but is no more than $9000.",challenging,SELECT T3.type FROM district AS T1 INNER JOIN account AS T2 ON T1.district_id = T2.district_id INNER JOIN disp AS T3 ON T2.account_id = T3.account_id WHERE T3.type != 'OWNER' AND T1.A11 BETWEEN 8000 AND 9000,2,2,2,False,none,0,False,,
150,How many accounts in North Bohemia has made a transaction with the partner's bank being AB?,moderate,SELECT COUNT(T2.account_id) FROM district AS T1 INNER JOIN account AS T2 ON T1.district_id = T2.district_id INNER JOIN trans AS T3 ON T2.account_id = T3.account_id WHERE T3.bank = 'AB' AND T1.A3 = 'north Bohemia',2,2,2,False,none,0,False,,
151,Please list the name of the districts with accounts that made withdrawal transactions.,moderate,SELECT DISTINCT T1.A2 FROM district AS T1 INNER JOIN account AS T2 ON T1.district_id = T2.district_id INNER JOIN trans AS T3 ON T2.account_id = T3.account_id WHERE T3.type = 'VYDAJ',2,2,2,False,none,0,False,,
152,What is the average number of crimes committed in 1995 in regions where the number exceeds 4000 and the region has accounts that are opened starting from the year 1997?,moderate,"SELECT AVG(T1.A15) FROM district AS T1 INNER JOIN account AS T2 ON T1.district_id = T2.district_id WHERE STRFTIME('%Y', T2.date) >= '1997' AND T1.A15 > 4000",1,1,1,False,none,0,False,,
153,How many 'classic' cards are eligible for loan?,simple,SELECT COUNT(T1.card_id) FROM card AS T1 INNER JOIN disp AS T2 ON T1.disp_id = T2.disp_id WHERE T1.type = 'classic' AND T2.type = 'OWNER',1,1,1,False,none,0,False,,
154,How many male clients in 'Hl.m. Praha' district?,simple,SELECT COUNT(T1.client_id) FROM client AS T1 INNER JOIN district AS T2 ON T1.district_id = T2.district_id WHERE T1.gender = 'M' AND T2.A2 = 'Hl.m. Praha',1,1,1,False,none,0,False,,
155,How many percent of 'Gold' cards were issued prior to 1998?,simple,"SELECT CAST(SUM(type = 'gold' AND STRFTIME('%Y', issued) < '1998') AS REAL) * 100 / COUNT(card_id) FROM card",0,0,0,False,none,0,False,,
156,Who is the owner of the account with the largest loan amount?,simple,SELECT T1.client_id FROM disp AS T1 INNER JOIN account AS T3 ON T1.account_id = T3.account_id INNER JOIN loan AS T2 ON T3.account_id = T2.account_id WHERE T1.type = 'OWNER' ORDER BY T2.amount DESC LIMIT 1,2,2,2,False,none,0,False,,
157,What is the number of committed crimes in 1995 in the district of the account with the id 532?,simple,SELECT T1.A15 FROM district AS T1 INNER JOIN `account` AS T2 ON T1.district_id = T2.district_id WHERE T2.account_id = 532,1,1,1,False,none,0,False,,
158,What is the district Id of the account that placed the order with the id 33333?,simple,SELECT T3.district_id FROM `order` AS T1 INNER JOIN account AS T2 ON T1.account_id = T2.account_id INNER JOIN district AS T3 ON T2.district_id = T3.district_id WHERE T1.order_id = 33333,2,2,2,False,none,0,False,,
159,List all the withdrawals in cash transactions that the client with the id 3356 makes.,simple,SELECT T4.trans_id FROM client AS T1 INNER JOIN disp AS T2 ON T1.client_id = T2.client_id INNER JOIN account AS T3 ON T2.account_id = T3.account_id INNER JOIN trans AS T4 ON T3.account_id = T4.account_id WHERE T1.client_id = 3356 AND T4.operation = 'VYBER',3,3,3,False,none,0,False,,
160,"Among the weekly issuance accounts, how many have a loan of under 200000?",simple,SELECT COUNT(T1.account_id) FROM loan AS T1 INNER JOIN account AS T2 ON T1.account_id = T2.account_id WHERE T2.frequency = 'POPLATEK TYDNE' AND T1.amount < 200000,1,1,1,False,none,0,False,,
161,What type of credit card does the client with the id 13539 own?,simple,SELECT T3.type FROM disp AS T1 INNER JOIN client AS T2 ON T1.client_id = T2.client_id INNER JOIN card AS T3 ON T1.disp_id = T3.disp_id WHERE T2.client_id = 13539,2,2,2,False,none,0,False,,
162,What is the region of the client with the id 3541 from?,simple,SELECT T1.A3 FROM district AS T1 INNER JOIN client AS T2 ON T1.district_id = T2.district_id WHERE T2.client_id = 3541,1,1,1,False,none,0,False,,
163,Which district has the most accounts with loan contracts finished with no problems?,moderate,SELECT T1.A2 FROM District AS T1 INNER JOIN Account AS T2 ON T1.District_id = T2.District_id INNER JOIN Loan AS T3 ON T2.Account_id = T3.Account_id WHERE T3.status = 'A' GROUP BY T1.District_id ORDER BY COUNT(T2.Account_id) DESC LIMIT 1,2,2,2,False,none,0,False,,
164,Who placed the order with the id 32423?,simple,SELECT T3.client_id FROM `order` AS T1 INNER JOIN account AS T2 ON T1.account_id = T2.account_id INNER JOIN disp AS T4 ON T4.account_id = T2.account_id  INNER JOIN client AS T3 ON T4.client_id = T3.client_id WHERE T1.order_id = 32423,3,3,3,False,none,0,False,,
165,Please list all the transactions made by accounts from district 5.,simple,SELECT T3.trans_id FROM district AS T1 INNER JOIN account AS T2 ON T1.district_id = T2.district_id INNER JOIN trans AS T3 ON T2.account_id = T3.account_id WHERE T1.district_id = 5,2,2,2,False,none,0,False,,
166,How many of the accounts are from Jesenik district?,simple,SELECT COUNT(T2.account_id) FROM district AS T1 INNER JOIN account AS T2 ON T1.district_id = T2.district_id WHERE T1.A2 = 'Jesenik',1,1,1,False,none,0,False,,
167,List all the clients' IDs whose junior credit cards were issued after 1996.,simple,SELECT T2.client_id FROM card AS T1 INNER JOIN disp AS T2 ON T1.disp_id = T2.disp_id WHERE T1.type = 'junior' AND T1.issued >= '1997-01-01',1,1,1,False,none,0,False,,
168,What percentage of clients who opened their accounts in the district with an average salary of over 10000 are women?,moderate,SELECT CAST(SUM(T2.gender = 'F') AS REAL) * 100 / COUNT(T2.client_id) FROM district AS T1 INNER JOIN client AS T2 ON T1.district_id = T2.district_id WHERE T1.A11 > 10000,1,1,1,False,none,0,False,,
169,What was the growth rate of the total amount of loans across all accounts for a male client between 1996 and 1997?,challenging,"SELECT CAST((SUM(CASE WHEN STRFTIME('%Y', T1.date) = '1997' THEN T1.amount ELSE 0 END) - SUM(CASE WHEN STRFTIME('%Y', T1.date) = '1996' THEN T1.amount ELSE 0 END)) AS REAL) * 100 / SUM(CASE WHEN STRFTIME('%Y', T1.date) = '1996' THEN T1.amount ELSE 0 END) FROM loan AS T1 INNER JOIN account AS T2 ON T1.account_id = T2.account_id INNER JOIN disp AS T3 ON T3.account_id = T2.account_id INNER JOIN client AS T4 ON T4.client_id = T3.client_id WHERE T4.gender = 'M' AND T3.type = 'OWNER'",3,3,3,False,none,0,False,,
170,How many credit card withdrawals were recorded after 1995?,simple,"SELECT COUNT(account_id) FROM trans WHERE STRFTIME('%Y', date) > '1995' AND operation = 'VYBER KARTOU'",0,0,0,False,none,0,False,,
171,What was the difference in the number of crimes committed in East and North Bohemia in 1996?,moderate,"SELECT SUM(IIF(A3 = 'east Bohemia', A16, 0)) - SUM(IIF(A3 = 'north Bohemia', A16, 0)) FROM district",0,0,0,False,none,0,False,,
172,How many owner and disponent dispositions are there from account number 1 to account number 10?,simple,"SELECT SUM(type = 'OWNER') , SUM(type = 'DISPONENT') FROM disp WHERE account_id BETWEEN 1 AND 10",0,0,0,False,none,0,False,,
173,How often does account number 3 request an account statement to be released? What was the aim of debiting 3539 in total?,challenging,"SELECT T1.frequency, T2.k_symbol FROM account AS T1 INNER JOIN (SELECT account_id, k_symbol, SUM(amount) AS total_amount FROM `order` GROUP BY account_id, k_symbol) AS T2 ON T1.account_id = T2.account_id WHERE T1.account_id = 3 AND T2.total_amount = 3539",1,1,1,True,derived_table,1,False,,
174,What year was account owner number 130 born?,simple,"SELECT STRFTIME('%Y', T1.birth_date) FROM client AS T1 INNER JOIN disp AS T3 ON T1.client_id = T3.client_id INNER JOIN account AS T2 ON T3.account_id = T2.account_id WHERE T2.account_id = 130",2,2,2,False,none,0,False,,
175,How many accounts have an owner disposition and request for a statement to be generated upon a transaction?,moderate,SELECT COUNT(T1.account_id) FROM account AS T1 INNER JOIN disp AS T2 ON T1.account_id = T2.account_id WHERE T2.type = 'OWNER' AND T1.frequency = 'POPLATEK PO OBRATU',1,1,1,False,none,0,False,,
176,"What is the amount of debt that client number 992 has, and how is this client doing with payments?",simple,"SELECT T4.amount, T4.status FROM client AS T1 INNER JOIN disp AS T2 ON T1.client_id = T2.client_id INNER JOIN account AS T3 on T2.account_id = T3.account_id INNER JOIN loan AS T4 ON T3.account_id = T4.account_id WHERE T1.client_id = 992",3,3,3,False,none,0,False,,
177,"What is the sum that client number 4's account has following transaction 851? Who owns this account, a man or a woman?",simple,"SELECT T4.balance, T1.gender FROM client AS T1 INNER JOIN disp AS T2 ON T1.client_id = T2.client_id INNER JOIN account AS T3 ON T2.account_id =T3.account_id INNER JOIN trans AS T4 ON T3.account_id = T4.account_id WHERE T1.client_id = 4 AND T4.trans_id = 851",3,3,3,False,none,0,False,,
178,Which kind of credit card does client number 9 possess?,simple,SELECT T3.type FROM client AS T1 INNER JOIN disp AS T2 ON T1.client_id = T2.client_id INNER JOIN card AS T3 ON T2.disp_id = T3.disp_id WHERE T1.client_id = 9,2,2,2,False,none,0,False,,
179,"How much, in total, did client number 617 pay for all of the transactions in 1998?",simple,"SELECT SUM(T3.amount) FROM client AS T1 INNER JOIN disp AS T4 ON T1.client_id = T4.client_id INNER JOIN account AS T2 ON T4.account_id = T2.account_id INNER JOIN trans AS T3 ON T2.account_id = T3.account_id WHERE STRFTIME('%Y', T3.date)= '1998' AND T1.client_id = 617",3,3,3,False,none,0,False,,
180,"Please provide a list of clients who were born between 1983 and 1987 and whose account branch is in East Bohemia, along with their IDs.",moderate,"SELECT T1.client_id, T3.account_id FROM client AS T1 INNER JOIN district AS T2 ON T1.district_id = T2.district_id INNER JOIN disp AS T4 ON T1.client_id = T4.client_id INNER JOIN account AS T3 ON T2.district_id = T3.district_id and T4.account_id = T3.account_id WHERE T2.A3 = 'east Bohemia' AND STRFTIME('%Y', T1.birth_date) BETWEEN '1983' AND '1987'",3,3,2,False,none,0,False,,
181,Please provide the IDs of the 3 female clients with the largest loans.,simple,SELECT T1.client_id FROM client AS T1 INNER JOIN disp AS T4 on T1.client_id= T4.client_id INNER JOIN account AS T2 ON T4.account_id = T2.account_id  INNER JOIN loan AS T3 ON T2.account_id = T3.account_id and T4.account_id = T3.account_id WHERE T1.gender = 'F' ORDER BY T3.amount DESC LIMIT 3,3,3,2,False,none,0,False,,
182,How many male customers who were born between 1974 and 1976 have made a payment on their home in excess of $4000?,moderate,"SELECT COUNT(T1.account_id) FROM trans AS T1 INNER JOIN account AS T2 ON T1.account_id = T2.account_id INNER JOIN disp AS T4 ON T2.account_id = T4.account_id INNER JOIN client AS T3 ON T4.client_id = T3.client_id WHERE STRFTIME('%Y', T3.birth_date) BETWEEN '1974' AND '1976' AND T3.gender = 'M' AND T1.amount > 4000 AND T1.k_symbol = 'SIPO'",3,3,3,False,none,0,False,,
183,How many accounts in Beroun were opened after 1996?,simple,"SELECT COUNT(account_id) FROM account AS T1 INNER JOIN district AS T2 ON T1.district_id = T2.district_id WHERE STRFTIME('%Y', T1.date) > '1996' AND T2.A2 = 'Beroun'",1,1,1,False,none,0,False,,
184,How many female customers have a junior credit card?,simple,SELECT COUNT(T1.client_id) FROM client AS T1 INNER JOIN disp AS T2 ON T1.client_id = T2.client_id INNER JOIN card AS T3 ON T2.disp_id = T3.disp_id WHERE T1.gender = 'F' AND T3.type = 'junior',2,2,2,False,none,0,False,,
185,What proportion of customers who have accounts at the Prague branch are female?,moderate,SELECT CAST(SUM(T2.gender = 'F') AS REAL) / COUNT(T2.client_id) * 100 FROM district AS T1 INNER JOIN client AS T2 ON T1.district_id = T2.district_id WHERE T1.A3 = 'Prague',1,1,1,False,none,0,False,,
186,What percentage of male clients request for weekly statements to be issued?,moderate,SELECT CAST(SUM(T1.gender = 'M') AS REAL) * 100 / COUNT(T1.client_id) FROM client AS T1 INNER JOIN district AS T3 ON T1.district_id = T3.district_id INNER JOIN account AS T2 ON T2.district_id = T3.district_id INNER JOIN disp as T4 on T1.client_id = T4.client_id AND T2.account_id = T4.account_id WHERE T2.frequency = 'POPLATEK TYDNE',3,3,2,False,none,0,False,,
187,How many clients who choose statement of weekly issuance are Owner?,simple,SELECT COUNT(T2.account_id) FROM account AS T1 INNER JOIN disp AS T2 ON T2.account_id = T1.account_id WHERE T1.frequency = 'POPLATEK TYDNE' AND T2.type = 'OWNER',1,1,1,False,none,0,False,,
188,"Among the accounts who have loan validity more than 24 months, list out the accounts that have the lowest approved amount and have account opening date before 1997.",moderate,"SELECT T1.account_id FROM loan AS T1 INNER JOIN account AS T2 ON T1.account_id = T2.account_id WHERE T1.duration > 24 AND STRFTIME('%Y', T2.date) < '1997' ORDER BY T1.amount ASC LIMIT 1",1,1,1,False,none,0,False,,
189,Name the account numbers of female clients who are oldest and have lowest average salary?,moderate,"SELECT T3.account_id FROM client AS T1 INNER JOIN district AS T2 ON T1.district_id = T2.district_id INNER JOIN account AS T3 ON T2.district_id = T3.district_id INNER JOIN disp AS T4 ON T1.client_id = T4.client_id AND T4.account_id = T3.account_id  WHERE T1.gender = 'F' ORDER BY T1.birth_date ASC, T2.A11 ASC LIMIT 1",3,3,2,False,none,0,False,,
190,How many clients who were born in 1920 stay in east Bohemia?,simple,"SELECT COUNT(T1.client_id) FROM client AS T1 INNER JOIN district AS T2 ON T1.district_id = T2.district_id WHERE STRFTIME('%Y', T1.birth_date) = '1920' AND T2.A3 = 'east Bohemia'",1,1,1,False,none,0,False,,
191,How many loan accounts are for pre-payment of duration of 24 months with weekly issuance of statement.,simple,SELECT COUNT(T2.account_id) FROM account AS T1 INNER JOIN loan AS T2 ON T1.account_id = T2.account_id WHERE T2.duration = 24 AND T1.frequency = 'POPLATEK TYDNE',1,1,1,False,none,0,False,,
192,What is the average amount of loan which are still on running contract with statement issuance after each transaction?,moderate,"SELECT AVG(T2.amount) FROM account AS T1 INNER JOIN loan AS T2 ON T1.account_id = T2.account_id WHERE T2.status IN ('C', 'D') AND T1.frequency = 'POPLATEK PO OBRATU'",1,1,1,False,none,0,False,,
193,List all ID and district for clients that can only have the right to issue permanent orders or apply for loans.,moderate,"SELECT T3.client_id, T2.district_id, T2.A2 FROM account AS T1 INNER JOIN district AS T2 ON T1.district_id = T2.district_id INNER JOIN disp AS T3 ON T1.account_id = T3.account_id WHERE T3.type = 'OWNER'",2,2,2,False,none,0,False,,
194,"Provide the IDs and age of the client with high level credit card, which is eligible for loans.",moderate,"SELECT T1.client_id, STRFTIME('%Y', CURRENT_TIMESTAMP) - STRFTIME('%Y', T3.birth_date) FROM disp AS T1 INNER JOIN card AS T2 ON T2.disp_id = T1.disp_id INNER JOIN client AS T3 ON T1.client_id = T3.client_id WHERE T2.type = 'gold' AND T1.type = 'OWNER'",2,2,2,False,none,0,False,,
